Fecha,Unnamed: 1,PLANTAS_Total,CCII_Total,AASS_Total,YACIM._Total,TRANSPORTE_Total,DISTIBUCIÓN_Total
2025-01-01,,399.045336,324.98867600000005,142.305671,4.123377,0.444074,0.371875
2025-01-02,,637.0280420000001,372.557667,145.024735,4.11755,0.438684,0.409412
2025-01-03,,502.32233700000006,312.419045,143.207004,4.125931,0.515136,0.439966
2025-01-04,,414.274824,321.20315700000003,142.957007,4.087781,0.569579,0.358021
2025-01-05,,321.463257,328.633681,143.830129,4.096049,0.53236,0.340928
2025-01-06,,302.42774000000003,328.026809,111.473676,4.07686,0.455202,0.334601
2025-01-07,,524.932273,323.49846,103.344455,4.027971,0.475858,0.423885
2025-01-08,,553.4669660000001,323.103882,107.523811,3.749762,0.505558,0.397041
2025-01-09,,515.9018030000001,321.493576,104.622054,3.420525,0.522484,0.437122
2025-01-10,,509.23505,340.01127699999995,105.097771,3.354197,0.525562,0.399115
2025-01-11,,352.316013,312.173859,84.199054,4.169863,0.506503,0.413816
2025-01-12,,456.849681,306.518833,96.56695,4.48331,0.459296,0.379446
2025-01-13,,670.3050850000001,326.671868,117.865712,3.365817,0.37261,0.448837
2025-01-14,,910.54892,345.107745,125.963581,1.716182,0.422017,0.350719
2025-01-15,,910.861956,341.01344700000004,134.793131,3.000762,0.4549,0.391142
2025-01-16,,883.4251240000001,327.932939,137.300099,3.425418,0.509409,0.429789
2025-01-17,,873.2700000000001,335.66371300000003,137.442956,3.67,0.519679,0.456013
2025-01-18,,680.190664,341.49314000000004,126.224931,3.658593,0.512529,0.423403
2025-01-19,,660.4300000000001,290.63178600000003,124.384517,3.652938,0.463064,0.406812
2025-01-20,,996.33,312.960301,134.198135,3.689976,0.465707,0.396015
2025-01-21,,1018.09,189.743915,136.892744,3.617626,0.47089,0.416989
2025-01-22,,831.42,177.39230300000003,135.446039,3.577374,0.47304,0.460133
2025-01-23,,693.1000000000001,227.038652,135.283218,3.568886,0.478323,0.405184
2025-01-24,,535.9499999999999,198.374064,126.945588,3.59275,0.516678,0.469814
2025-01-25,,431.62,215.723906,74.610034,3.557311,0.507164,0.417307
2025-01-26,,497.54,173.53965699999998,92.645664,3.493372,0.423563,0.367954
2025-01-27,,494.93,203.498486,80.37434,3.559594,0.43579,0.522366
2025-01-28,,528.4599999999999,217.09133000000003,93.258183,3.452251,0.477416,0.416382
2025-01-29,,538.63,267.819552,114.392979,3.27989,0.468378,0.373433
2025-01-30,,558.46,342.171672,123.814337,3.368589,0.478542,0.244338
2025-01-31,,701.3499999999999,264.067282,123.352784,3.447871,0.490129,0.370172
2025-02-01,,553.82,269.700082,123.460292,3.336498,0.536759,0.412509
2025-02-02,,501.48,313.032358,123.505875,3.129148,0.49711,0.380811
2025-02-03,,813.5899999999999,269.095789,124.056944,2.994524,0.407914,0.410796
2025-02-04,,875.63,293.184598,124.441681,2.851829,0.548654,0.427315
2025-02-05,,806.2299999999999,197.697765,125.503649,2.858494,0.540172,0.381498
2025-02-06,,842.4200000000001,240.607517,125.996196,2.805067,0.555762,0.473025
2025-02-07,,798.4499999999999,184.689655,124.779421,2.826851,0.560303,0.485032
2025-02-08,,569.5099999999999,211.273194,123.634473,2.781339,0.58652,0.450817
2025-02-09,,606.72,245.20099700000003,123.541506,2.726625,0.554196,0.399289
2025-02-10,,773.679999,246.197858,103.534514,2.727625,0.559834,0.512111
2025-02-11,,771.561557,158.07761800000003,104.199323,1.919334,0.516902,0.431113
2025-02-12,,759.176249,147.076276,104.042694,1.412187,0.535693,0.390818
2025-02-13,,796.865907,166.90671899999998,104.208678,2.640723,0.556306,0.454314
2025-02-14,,743.742292,132.962921,104.050239,0.312928,0.576661,0.462652
2025-02-15,,543.4218820000001,150.96454500000002,89.793892,2.01299,0.620294,0.402077
2025-02-16,,514.292264,205.096414,88.53446,3.042654,0.597679,0.397449
2025-02-17,,673.773427,242.12216,118.651438,2.859972,0.555131,0.485744
2025-02-18,,658.1861620000001,165.18030300000004,105.723747,2.841704,0.611579,0.433979
2025-02-19,,677.056599,224.401292,102.348454,2.653933,0.557512,0.3742
2025-02-20,,586.72281,191.46249,100.350012,2.52543,0.632438,0.443585
2025-02-21,,562.655686,211.884861,47.868318,2.444453,0.633684,0.46481
2025-02-22,,468.27625300000005,235.466247,25.070157,2.440513,0.663004,0.41423
2025-02-23,,493.147921,263.083214,24.256234,2.370677,0.565879,0.419841
2025-02-24,,575.641741,274.557343,25.213903,2.168175,0.56866,0.505794
2025-02-25,,599.0129320000001,282.971913,41.425091,2.180908,0.589888,0.358694
2025-02-26,,740.0040109999999,297.526582,46.217252,2.278505,0.581132,0.436793
2025-02-27,,717.54656,294.406654,45.715562,2.22979,0.556134,0.429385
2025-02-28,,597.850439,308.110006,46.856228,2.166902,0.571947,0.426933
2025-03-01,,466.815013,298.95251900000005,16.196725,2.154211,0.458478,0.373563
2025-03-02,,522.3465,301.02441100000004,2.024238,2.106035,0.487549,0.387895
2025-03-03,,727.9892599999998,327.270576,39.306113,2.090691,0.557945,0.500064
2025-03-04,,568.798462,317.280932,69.567852,2.089306,0.59902,0.384754
2025-03-05,,503.78471900000005,316.125498,95.099393,2.070433,0.600994,0.403964
2025-03-06,,532.5366150000001,296.27583,113.401049,2.018447,0.619871,0.462011
2025-03-07,,478.76705,279.864552,116.462373,2.079588,0.610693,0.375579
2025-03-08,,387.403049,239.883739,99.064584,2.055638,0.610467,0.345949
2025-03-09,,398.907217,287.091638,111.857405,0.174635,0.531046,0.423096
2025-03-10,,552.124677,295.199728,123.018702,0.000267,0.504652,0.51544
2025-03-11,,599.4549020000001,295.34855500000003,121.783849,0.0,0.536841,0.449469
2025-03-12,,611.976783,293.981537,119.729487,0.0,0.571351,0.462682
2025-03-13,,671.706141,276.13005100000004,119.564184,2.149064,0.599695,0.496015
2025-03-14,,690.350872,260.150107,55.541048,2.639424,0.616443,0.469369
2025-03-15,,579.3360250000001,260.082458,41.127695,2.482658,0.544813,0.394571
2025-03-16,,613.698608,247.906967,41.346375,2.265671,0.413417,0.370481
2025-03-17,,789.3806740000001,241.07007100000004,49.421559,2.396134,0.51829,0.515382
2025-03-18,,709.372523,240.41470400000003,35.833387,2.378557,0.584516,0.493138
2025-03-19,,695.160773,158.05639200000002,23.41811,2.398236,0.578605,0.472775
2025-03-20,,573.0143830000001,134.88699800000003,15.687275,2.342142,0.583999,0.464401
2025-03-21,,643.4754790000001,150.320925,1.786316,2.298429,0.590978,0.471617
2025-03-22,,619.6,164.72508000000002,0.0,2.263332,0.487046,0.383861
2025-03-23,,639.706423,158.55324599999997,0.0,2.191807,0.438054,0.380736
2025-03-24,,700.7186280000001,241.018911,-3.381787,1.900231,0.455483,0.566774
2025-03-25,,716.895492,257.2741,-37.329526,0.243681,0.53808,0.483677
2025-03-26,,727.2509640000001,214.383244,-83.66073200000001,0.233881,0.554416,0.554026
2025-03-27,,811.7896509999999,166.313953,-105.133935,1.526792,0.523074,0.588984
2025-03-28,,775.18317,184.68807200000003,-112.142432,1.688914,0.522544,0.543448
2025-03-29,,549.5,143.81000000000003,-108.660158,2.043882,0.545957,0.420383
2025-03-30,,632.147758,130.575943,-108.776175,2.086336,0.437316,0.478298
2025-03-31,,782.629206,181.266202,-102.992881,0.843947,0.350143,0.478404
2025-04-01,,767.563808,100.72639099999998,-75.151765,0.244237,0.369228,0.521191
2025-04-02,,755.4779629999999,119.991108,-86.722528,0.320186,0.499396,0.550497
2025-04-03,,785.151522,91.07544399999998,-94.073107,0.99963,0.535848,0.542059
2025-04-04,,734.3693069999999,121.060783,-94.465131,0.266986,0.526236,0.585892
2025-04-05,,684.925274,76.30859099999998,-95.660115,0.2393,0.511582,0.470576
2025-04-06,,713.7540300000001,95.83736200000004,-93.185128,0.238023,0.476234,0.468665
2025-04-07,,748.313554,109.35847700000002,-83.843157,0.253292,0.519845,0.552935
2025-04-08,,678.770992,151.449249,-41.587467,0.277216,0.546064,0.554629
2025-04-09,,635.8395619999999,133.920676,-58.14639,0.268015,0.534463,0.578438
2025-04-10,,721.370259,99.835743,-82.167136,0.26946,0.558231,0.535611
2025-04-11,,719.797478,101.90507100000002,-103.478827,0.240506,0.535546,0.548832
2025-04-12,,682.2640530000001,125.266261,-104.339741,0.349989,0.524571,0.486005
2025-04-13,,638.75,159.53999999999996,-115.715562,0.38,0.437862,0.454817
2025-04-14,,730.7197910000001,129.915724,-114.526781,0.545206,0.481998,0.664478
2025-04-15,,724.235762,151.660463,-108.332519,0.374516,0.571872,0.649427
2025-04-16,,709.8924949999999,154.77561000000003,-98.200586,0.407041,0.576586,0.628358
2025-04-17,,742.4072580000001,113.242134,-99.488221,0.0,0.655102,0.381085
2025-04-18,,735.81,83.44859400000001,-101.798003,0.0,0.735107,0.350784
2025-04-19,,630.9929330000001,133.717757,-103.459656,0.001806,0.699954,0.37682
2025-04-20,,676.8692399999999,157.694929,-100.89703,0.004062,0.664204,0.328858
2025-04-21,,691.3433190000001,161.023776,-57.033029,0.013485,0.63327,0.39182
2025-04-22,,721.8751310000001,167.821241,-22.861285,0.001748,0.71219,0.543838
2025-04-23,,693.9690129999999,119.12268900000004,-21.850571,0.00015,0.590527,0.683246
2025-04-24,,672.9315750000001,128.84465399999996,-22.60079,0.000418,0.610279,0.598024
2025-04-25,,642.094667,118.012644,-22.484112,0.0,0.577102,0.565274
2025-04-26,,488.296298,160.919041,-23.423445,0.001306,0.535379,0.514379
2025-04-27,,495.597605,150.738464,-26.469466,0.001376,0.472402,0.435027
2025-04-28,,398.272504,168.094315,-7.292901,0.009863,0.200235,0.489607
2025-04-29,,729.4602959999999,182.218914,-58.143295,0.002174,0.440378,0.342163
2025-04-30,,640.9,217.600364,-92.81513,0.002159,0.520066,0.473633
2025-05-01,,586.946534,174.80947600000002,-91.020461,0.002128,0.536269,0.50527
2025-05-02,,651.4970500000001,222.217422,-96.180666,0.0,0.468345,0.449381
2025-05-03,,657.5578089999999,191.769604,-96.879911,0.0,0.561134,0.377314
2025-05-04,,631.054828,185.600922,-95.225823,0.001275,0.563337,0.296989
2025-05-05,,674.1426570000001,219.465021,-93.356653,0.001909,0.407248,0.522478
2025-05-06,,765.0997600000001,150.95996,-74.246897,0.011999,0.60245,0.518772
2025-05-07,,750.5092099999999,186.70146,-94.844282,0.0,0.634414,0.553007
2025-05-08,,685.375422,198.214093,-96.674989,0.0,0.649694,0.573754
2025-05-09,,644.640763,236.90833200000003,-82.865702,0.0,0.64259,0.54792
2025-05-10,,621.509979,179.660405,-80.159318,0.0,0.621135,0.425639
2025-05-11,,613.71,182.57313100000005,-79.535633,0.0,0.575245,0.488168
2025-05-12,,654.246435,231.559423,-80.038462,0.0,0.600729,0.548618
2025-05-13,,670.766623,256.886358,-81.652035,0.0,0.599728,0.542941
2025-05-14,,636.667736,255.239979,-81.037566,0.0,0.608371,0.539474
2025-05-15,,593.502469,223.80713,-29.66833,0.0,0.644203,0.6605
2025-05-16,,547.021795,225.328328,-27.15324,0.000375,0.631653,0.677183
2025-05-17,,490.0784699999999,239.547641,-26.081686,0.0,0.637589,0.491164
2025-05-18,,488.833016,233.85453,-24.927832,0.0,0.570827,0.514479
2025-05-19,,591.45245,237.577532,-25.497687,0.0,0.589803,0.688144
2025-05-20,,556.540585,207.957609,-25.472195,0.0,0.669105,0.723918
2025-05-21,,595.864365,224.372019,-24.969805,0.0,0.678081,0.793683
2025-05-22,,528.389767,225.208482,-25.636581,0.0,0.66976,0.864767
2025-05-23,,526.76432,226.015054,-25.433219,0.0,0.729871,0.784586
2025-05-24,,525.618615,180.318779,-24.078082,0.0,0.817446,0.621338
2025-05-25,,488.142664,210.42105400000003,-23.299711,0.0,0.805441,0.494347
2025-05-26,,511.7674390000001,219.160191,-8.357858,0.0,0.762942,0.673584
2025-05-27,,525.1047070000001,240.77414,-2.078722,0.0,0.756673,0.63875
2025-05-28,,543.33467,220.32976900000003,-2.051456,0.0,0.662375,0.768374
2025-05-29,,536.1637529999999,225.484288,-2.116594,0.0,0.652812,0.864183
2025-05-30,,549.970023,215.502671,-2.077062,0.0,0.642786,0.842504
2025-05-31,,456.710551,225.46899800000003,-2.044816,0.0,0.564541,0.680761
2025-06-01,,410.43130700000006,253.939597,-2.07981,0.0,0.502409,0.582976
2025-06-02,,552.551829,243.016792,-2.082237,0.0,0.493103,0.478393
2025-06-03,,555.581418,267.845716,-2.057337,0.0,0.603747,0.440407
2025-06-04,,518.002627,293.226626,-2.057097,0.0,0.605197,0.500509
2025-06-05,,585.824452,242.832298,-2.04456,0.0,0.616645,0.504537
2025-06-06,,602.974895,236.749094,-2.110349,0.0,0.647288,0.557173
2025-06-07,,477.431531,234.24807300000003,-2.049653,0.0,0.66198,0.579606
2025-06-08,,483.137841,236.024627,-2.032931,0.0,0.642275,0.674961
2025-06-09,,559.4581679999999,255.589176,-2.041821,0.0,0.600877,0.442201
2025-06-10,,595.4754919999999,265.397555,-2.035372,0.0,0.613082,0.552748
2025-06-11,,607.219472,251.147736,-2.049719,0.0,0.61101,0.727051
2025-06-12,,639.243277,268.477116,-2.177995,0.0,0.628312,0.684312
2025-06-13,,634.505086,231.281458,-2.046978,0.0,0.604098,0.829662
2025-06-14,,488.36,230.867374,-2.066204,0.0,0.622783,0.642984
2025-06-15,,416.196122,240.586365,-2.060072,0.0,0.560966,0.690257
2025-06-16,,594.986906,230.5046,-2.061554,0.0,0.581157,0.782162
2025-06-17,,684.1493730000001,235.400761,-17.942469,0.0,0.572669,0.857076
2025-06-18,,777.8433709999999,260.90285600000004,-21.875966,0.0,0.536391,0.81619
2025-06-19,,732.552709,244.296979,-24.152297,0.0,0.633179,0.815824
2025-06-20,,652.7252679999999,236.969465,-22.752093,0.0,0.581147,0.791819
2025-06-21,,517.372217,236.527158,-21.49755,0.0,0.776762,0.47204
2025-06-22,,473.130251,226.208171,-22.08922,0.0,0.66863,0.398489
2025-06-23,,544.362303,264.56872300000003,-22.489206,0.0,0.771967,0.550844
2025-06-24,,566.7059989999999,253.398856,-23.054277,0.0,0.829136,0.481855
2025-06-25,,601.9568390000001,232.625377,-23.602895,0.0,0.839624,0.605856
2025-06-26,,645.3023489999999,230.424715,-24.305288,0.0,0.697886,0.750889
2025-06-27,,646.1899999999998,257.109175,-22.317896,0.0,0.660472,0.818309
2025-06-28,,583.051328,220.534061,-21.451211,0.0,0.621224,0.703917
2025-06-29,,560.538851,231.963354,-21.814258,0.0,0.540998,0.601945
2025-06-30,,761.225405,263.54769400000004,-22.229032,0.0,0.576357,0.845562
2025-07-01,,788.8583530000001,313.270437,-23.277948,0.0,0.63385,0.611792
2025-07-02,,684.733534,289.020501,-22.287972,0.0,0.666958,0.723674
2025-07-03,,647.1826769999999,295.95943300000005,-22.666199,0.0,0.573864,0.648511
2025-07-04,,643.065599,333.915093,-22.489156,0.0,0.598569,0.663537
2025-07-05,,453.25193999999993,303.106913,-21.33206,0.0,0.591836,0.60337
2025-07-06,,411.5217880000001,310.88606500000003,-21.338622,0.0,0.504217,0.512717
2025-07-07,,516.754222,314.472649,-53.951456,0.0,0.587922,0.770692
2025-07-08,,566.4141679999999,286.669074,-44.412507,0.0,0.580495,0.77785
2025-07-09,,624.2884260000001,312.177676,-37.804065,0.0,0.670799,0.728782
2025-07-10,,673.743358,329.616877,-37.101505,0.0,0.598705,0.760404
2025-07-11,,585.928852,328.797085,-38.091451,0.0,0.644927,0.713808
2025-07-12,,464.207689,298.87636200000003,-38.404841,0.0,0.60649,0.561991
2025-07-13,,433.118501,303.21499,-39.19903,0.0,0.518011,0.53989
2025-07-14,,499.352928,331.026904,-38.394061,0.0,0.560006,0.714655
2025-07-15,,551.579609,330.962665,-39.982721,0.0,0.527535,0.892788
2025-07-16,,639.153752,315.619741,-55.093444000000005,0.0,0.527598,0.813627
2025-07-17,,685.6070010000001,325.776077,-61.778937,0.0,0.573327,0.870018
2025-07-18,,590.8199999999999,314.74,-61.323044,0.0,0.51312,0.853412
2025-07-19,,381.691234,319.551756,-61.685759,0.0,0.562392,0.728809
2025-07-20,,327.35007399999995,314.135716,-60.059798,0.0,0.475338,0.733473
2025-07-21,,488.034728,332.761591,-58.91362,0.0,0.4753,0.822712
2025-07-22,,625.800394,323.307504,-118.96982,0.0,0.540579,0.741194
2025-07-23,,653.507566,304.76642200000003,-130.740191,0.0,0.59215,0.776289
2025-07-24,,546.06,315.606689,-120.066462,0.0,0.609952,0.922768
2025-07-25,,485.01432299999993,308.345121,-124.007855,0.0,0.570041,0.822404
2025-07-26,,447.05000000000007,298.035057,-131.43,0.0,0.603192,0.705459
2025-07-27,,397.777069,308.028588,-126.442921,0.0,0.522817,0.682958
2025-07-28,,493.69299500000005,321.727615,-123.460984,0.0,0.4848,0.882881
2025-07-29,,497.6896210000001,318.57977400000004,-119.646141,0.0,0.460438,0.784427
2025-07-30,,492.855698,319.232855,-118.231838,0.0,0.468261,0.784941
2025-07-31,,419.141053,330.244036,-45.509864,0.0,0.545986,0.824737
2025-08-01,,416.933096,324.423577,-41.445565,0.0,0.665232,0.708134
2025-08-02,,387.57207000000005,274.275175,-43.640464,0.0,0.676575,0.597042
2025-08-03,,346.62225,306.290442,-43.61546,0.0,0.621232,0.543157
2025-08-04,,392.27116699999993,340.849539,-41.048797,0.0,0.573868,0.74888
2025-08-05,,366.474593,335.652458,-40.805814,0.0,0.640427,0.682985
2025-08-06,,479.09827,349.557315,-37.745531,0.0,0.652544,0.732153
2025-08-07,,470.141314,336.697686,-39.881363,0.0,0.697077,0.687765
2025-08-08,,427.544053,354.99601,-57.071063,0.0,0.706378,0.6316
2025-08-09,,387.326298,319.47831900000006,-87.10957,0.0,0.679143,0.470669
2025-08-10,,392.191201,322.50480300000004,-88.651447,0.0,0.6016,0.41039
2025-08-11,,537.823155,319.369994,-90.051503,0.0,0.609304,0.62314
2025-08-12,,602.446186,315.970051,-105.250257,0.0,0.629698,0.552875
2025-08-13,,600.407619,320.826433,-112.613785,0.0,0.637178,0.519142
2025-08-14,,536.291002,342.851557,-112.233189,0.0,0.597034,0.636341
2025-08-15,,446.095382,340.60803400000003,-110.56045,0.0,0.561749,0.56428
2025-08-16,,475.982088,324.942405,-108.386331,0.0,0.61825,0.402727
2025-08-17,,508.405721,326.545059,-109.522517,0.0,0.584921,0.362769
2025-08-18,,520.055498,345.542661,-76.582805,0.0,0.531158,0.597605
2025-08-19,,466.999198,340.979841,-59.908701,0.0,0.553241,0.550984
2025-08-20,,494.192505,274.779673,-64.656561,0.0,0.59236,0.574701
2025-08-21,,480.285924,291.6781,-77.642966,0.0,0.661661,0.512384
2025-08-22,,484.269214,311.915583,-77.381843,0.0,0.701489,0.643601
2025-08-23,,443.700138,279.88291,-75.052025,0.0,0.68671,0.587567
2025-08-24,,382.810266,298.746437,-72.695308,0.0,0.505161,0.444153
2025-08-25,,522.205116,344.252355,-69.901997,0.0,0.489073,0.681657
2025-08-26,,564.2604990000001,326.856873,-52.817935,0.0,0.454558,0.690383
2025-08-27,,554.250515,337.270305,-38.310481,0.0,0.489953,0.606062
2025-08-28,,432.521653,338.599329,-37.402024,0.0,0.545974,0.739552
2025-08-29,,401.937159,331.90672,-38.331791,0.0,0.571072,0.739033
2025-08-30,,351.80156800000003,297.756366,-37.764382,0.0,0.589454,0.687619
2025-08-31,,353.63883200000004,283.326696,-38.643093,0.0,0.535252,0.671765
2025-09-01,,398.204708,362.887838,-18.977218,0.0,0.1702,0.728888
2025-09-02,,381.474084,360.960183,-0.498778,0.0,0.406511,0.750542
2025-09-03,,322.499323,352.98888800000003,-0.022536,0.0,0.519571,0.784801
2025-09-04,,426.139051,342.42402300000003,-0.000467,0.0,0.53251,0.827364
2025-09-05,,417.675776,328.715714,-0.000141,0.0,0.592359,0.888974
2025-09-06,,343.80032800000004,297.58203899999995,-10.65336,0.0,0.621169,0.797507
2025-09-07,,371.796054,318.20359,-16.203079,0.0,0.585066,0.643747
2025-09-08,,426.229364,353.343631,-16.232023,0.0,0.561737,0.717451
2025-09-09,,491.062997,352.109788,-49.388235,0.0,0.55043,0.728857
2025-09-10,,463.506587,342.401072,-53.358452,0.0,0.607931,0.799317
2025-09-11,,475.107752,356.73211999999995,-52.865403,0.0,0.622274,0.703493
2025-09-12,,476.000041,327.28308300000003,-53.196237,0.0,0.639853,0.796435
2025-09-13,,401.93327,337.662714,-52.023693,0.0,0.660278,0.7513
2025-09-14,,394.025139,340.627967,-51.440667,0.0,0.559459,0.662532
2025-09-15,,511.816182,343.448311,-51.949132,6.7e-05,0.520757,0.797043
2025-09-16,,734.7144979999999,246.662315,-38.660041,1.2e-05,0.54847,0.717072
2025-09-17,,891.0405930000001,119.749205,-36.102759,0.0,0.594707,0.877824
2025-09-18,,894.9571109999999,118.942776,-7.133342,0.249168,0.662288,0.892806
2025-09-19,,696.46,232.074229,-1.97,0.306179,0.684267,0.869619
2025-09-20,,561.701915,147.588974,-0.006703,0.318243,0.679305,0.755695
2025-09-21,,545.063547,154.88521,-0.006706,0.314003,0.585475,0.675152
2025-09-22,,606.869082,108.41234,-0.000293,0.306874,0.570902,0.796476
2025-09-23,,638.956682,145.873459,-0.007666,0.281056,0.60231,0.765835
2025-09-24,,672.490065,149.403866,0.071571,0.261801,0.595694,0.676306
2025-09-25,,744.4918700000001,162.193227,-0.006775,0.293661,0.533273,0.676321
2025-09-26,,942.209868,-4.766483000000022,-0.000612,0.302336,0.660249,0.760137
2025-09-27,,691.707852,64.925354,-0.007017,0.284656,0.691059,0.681878
2025-09-28,,620.67,60.10991,0.0,0.273484,0.54863,0.570573
2025-09-29,,697.358468,66.02220999999999,-0.059739,0.284006,0.522183,0.888067
2025-09-30,,731.5489820000001,146.838841,-0.006634,0.286886,0.570862,0.816378
2025-10-01,,631.7799990000001,257.837217,0.0,0.246449,0.553915,0.79226
2025-10-02,,702.383047,251.576636,-0.007177,0.289751,0.597135,0.888281
2025-10-03,,691.7099999999999,241.6,0.0,0.3,0.693426,0.836728
2025-10-04,,533.0466,179.831424,-0.008794,0.329762,0.652102,0.804493
2025-10-05,,525.5938160000001,170.32077800000002,-0.008676,0.306875,0.566654,0.717847
2025-10-06,,707.514485,214.813632,-0.007777,0.30056,0.621832,0.862406
2025-10-07,,814.969116,225.228861,-0.007379,0.300556,0.617998,0.826778
2025-10-08,,738.404699,205.323765,-0.00757,0.040253,0.640291,0.744687
2025-10-09,,660.0122429999999,196.869878,-0.0072,0.000241,0.666765,0.742532
2025-10-10,,630.6655000000001,205.47704300000004,-0.007215,0.0,0.670052,0.836044
2025-10-11,,568.818565,209.230555,-0.006962,0.0,0.632862,0.762017
2025-10-12,,595.337024,231.695467,-0.006831,0.0,0.519608,0.676885
2025-10-13,,777.733681,252.469016,-0.007727,0.0,0.549312,0.804467
2025-10-14,,884.1042170000001,201.71720600000003,-0.007056,0.0,0.570415,0.869822
2025-10-15,,905.21,221.946423,-0.007406,0.0,0.549524,0.804344
2025-10-16,,894.8097640000001,212.331474,-0.493603,0.0,0.556578,0.759863
2025-10-17,,882.3857690000001,217.760889,-0.056485,0.614595,0.613738,0.90109
2025-10-18,,614.948195,203.967233,-0.195025,1.003792,0.649082,0.805639
2025-10-19,,497.489719,213.436188,-0.054073,1.269368,0.549313,0.782928
2025-10-20,,565.08417,236.003296,-0.022903,1.736108,0.535489,0.966662
2025-10-21,,604.344296,192.513531,-0.010157,1.925087,0.575148,0.953139
2025-10-22,,541.621896,226.160444,-0.021906,1.943671,0.576764,0.948402
2025-10-23,,557.34863,239.307846,0.0,1.940659,0.574032,0.866629
2025-10-24,,669.329928,241.789543,-0.013334,1.938189,0.586806,0.740902
2025-10-25,,602.067834,247.534719,0.0,1.950393,0.603031,0.868655
2025-10-26,,510.328686,250.788771,0.0,1.947895,0.475752,0.534808
2025-10-27,,751.384917,283.316343,-0.000411,1.939594,0.489589,0.633559
2025-10-28,,811.140216,257.933957,-0.000183,1.963427,0.538672,0.613423
2025-10-29,,868.6203459999999,266.459346,-0.04569,1.950645,0.548262,0.769347
2025-10-30,,712.634009,296.17023800000004,-0.01162,0.675558,0.589451,0.81444
2025-10-31,,529.5824739999999,297.42575500000004,-0.007896,1.64814,0.504317,0.822931
2025-11-01,,404.48759,316.29678199999995,0.0,1.87399,0.435848,0.738146
2025-11-02,,516.269103,302.428969,0.0,1.968207,0.389711,0.64117
2025-11-03,,634.3173740000001,306.629338,15.632068,1.989542,0.326153,0.795915
2025-11-04,,511.953758,325.374754,24.195615,1.979015,0.381278,0.879685
2025-11-05,,499.844394,315.850189,0.001369,1.988029,0.392374,0.896569
2025-11-06,,572.62,313.450326,0.03,1.962065,0.473937,0.842323
2025-11-07,,635.5465460000001,313.20815300000004,0.0,1.975652,0.43903,0.86272
2025-11-08,,554.897272,303.335694,0.0,1.990178,0.417755,0.782188
2025-11-09,,578.10802,303.133636,0.0,1.971518,0.352179,0.707752
2025-11-10,,718.4179569999999,330.56472,28.056520000000003,1.966712,0.366901,0.809642
2025-11-11,,625.603816,314.67568100000005,92.802227,2.219128,0.377054,0.871012
2025-11-12,,469.572891,329.637497,107.589574,2.295931,0.421674,0.912238
2025-11-13,,417.481975,324.535337,107.430285,2.109908,0.426756,0.835508
2025-11-14,,420.507197,328.526102,106.733784,2.30557,0.393007,0.914019
2025-11-15,,340.094978,318.16006400000003,106.431656,2.289163,0.408575,0.800775
2025-11-16,,366.939716,321.158758,106.501726,2.279543,0.353324,0.642359
2025-11-17,,608.946433,342.239894,105.901628,2.323025,0.301737,0.894082
2025-11-18,,673.7857040000001,346.021451,104.406942,2.339989,0.342696,0.81803
2025-11-19,,788.436156,328.09200000000004,102.185717,2.327893,0.424586,0.959919
2025-11-20,,752.4636130000001,299.495521,101.400123,2.241729,0.430561,0.894688
2025-11-21,,751.207414,311.356069,132.088992,1.985957,0.432856,0.9415
2025-11-22,,659.617446,321.270992,137.281489,1.979877,0.460162,0.631023
2025-11-23,,505.638435,290.211148,136.859379,1.980424,0.38192,0.562421
2025-11-24,,598.826191,322.857923,137.116975,1.962011,0.384949,0.740415
2025-11-25,,676.6684270000001,319.552432,155.712648,1.234992,0.393821,0.779889
2025-11-26,,711.0347780000001,330.76610700000003,158.551793,1.691644,0.372451,0.884457
2025-11-27,,801.373397,359.19182,158.594482,1.890101,0.41219,0.867475
2025-11-28,,799.206951,356.484462,155.372385,1.909587,0.417106,0.843617
2025-11-29,,533.839925,364.185175,157.358123,1.908617,0.433682,0.856982
2025-11-30,,480.37058,373.13602,156.412929,1.876236,0.367228,0.703275
2025-12-01,,779.9032480000001,366.426512,156.519181,1.882802,0.40819,0.884574
2025-12-02,,696.0353800000001,344.546088,176.078748,1.880644,0.377712,1.092712
2025-12-03,,759.338548,340.38094,181.342619,1.875716,0.351235,1.048379
2025-12-04,,673.769111,353.395484,180.167339,1.871243,0.4482,1.031753
2025-12-05,,636.875453,386.443734,179.389239,1.86861,0.505407,0.966825
2025-12-06,,402.737083,381.052624,101.960162,1.888658,0.496523,0.754906
2025-12-07,,390.403557,330.541269,68.898822,1.867056,0.388006,0.773949
2025-12-08,,514.5412670000001,379.612657,87.639075,1.821562,0.429793,0.637775
2025-12-09,,630.279852,351.36885,73.472171,1.857687,0.450476,0.881611
2025-12-10,,927.387857,343.20844500000004,101.954136,1.816051,0.440092,0.960416
2025-12-11,,738.1800000000001,334.95702,135.753742,1.772926,0.473522,0.943323
2025-12-12,,706.135143,337.269543,142.284596,1.699667,0.458446,0.954748
2025-12-13,,500.928634,342.457068,142.16476,1.655599,0.458503,0.802902
2025-12-14,,488.823682,331.082153,141.721385,1.610782,0.361642,0.745874
2025-12-15,,697.3,344.492371,142.047731,1.589058,0.413514,0.983121
2025-12-16,,781.4130640000001,328.460518,158.831595,1.542579,0.422286,0.840656
2025-12-17,,785.280478,323.241086,163.681645,1.538276,0.447322,0.953858
2025-12-18,,680.9691750000001,329.911484,163.856297,1.502128,0.452587,0.944556
2025-12-19,,792.029523,315.235202,161.488102,1.493522,0.452433,0.941406
2025-12-20,,504.367786,306.516492,148.748879,1.440362,0.487569,0.569543
2025-12-21,,478.200737,319.84566900000004,148.579613,1.457358,0.367769,0.529581
2025-12-22,,675.927832,338.295753,149.652673,1.399589,0.421741,0.794928
2025-12-23,,643.8231030000001,346.099916,147.726434,1.379917,0.415873,0.873044
2025-12-24,,444.901925,297.208196,126.614871,1.352321,0.425804,0.851205
2025-12-25,,488.33885,325.18749,106.621545,1.322423,0.288666,0.652565
2025-12-26,,589.6169430000001,352.033191,123.878337,1.28148,0.358253,0.648235
2025-12-27,,518.735954,327.730953,108.497496,1.260614,0.44299,0.595192
2025-12-28,,539.70783,330.476723,105.597952,1.241662,0.351444,0.561431
2025-12-29,,736.9675410000001,324.155176,131.93835,1.228766,0.349478,0.660935
2025-12-30,,661.97771,299.721469,110.898446,1.213713,0.413587,0.707125
2025-12-31,,685.795412,282.548805,136.288625,1.17643,0.384995,0.635116
2026-01-01,,515.974325,335.292891,123.243685,1.190458,0.24512,0.60979
2026-01-02,,584.705633,363.033403,111.186852,1.136092,0.336475,0.723588
2026-01-03,,468.06,388.650682,103.560066,1.164312,0.38069,0.528141
2026-01-04,,480.287904,428.43174,128.362499,1.127201,0.304321,0.436515
2026-01-05,,610.852658,399.501361,144.923545,1.135697,0.354975,0.506054
2026-01-06,,641.308569,304.667181,146.175717,1.143576,0.318159,0.482967
2026-01-07,,860.41719,381.383606,154.926933,1.473866,0.344872,0.506685
2026-01-08,,740.4245,366.261999,156.162502,1.794326,0.370099,0.70835
2026-01-09,,655.4738940000001,378.500761,155.464915,1.885521,0.402049,0.610354
2026-01-10,,525.9557199999999,387.134335,151.247207,1.838623,0.403406,0.569169
2026-01-11,,525.0238929999999,382.764505,138.767513,1.779201,0.345302,0.484614
2026-01-12,,647.8593820000001,396.037972,132.963947,1.726372,0.403836,0.616245
2026-01-13,,826.975622,397.514484,55.707467,1.709501,0.372317,0.733786
2026-01-14,,975.537252,357.936562,45.821427,1.632003,0.529653,0.708239
2026-01-15,,831.097729,320.824156,93.508385,1.871456,0.623078,0.535003
2026-01-16,,880.018096,365.093008,98.425423,1.81648,0.595757,0.748262
2026-01-17,,813.06,384.210953,99.520005,1.784581,0.569413,0.730167
2026-01-18,,613.428657,413.474049,100.642868,1.762298,0.508553,0.624755
2026-01-19,,776.09325,434.850172,100.534542,1.698549,0.537156,0.812518
2026-01-20,,762.1694779999999,405.553659,100.035209,1.722525,0.361533,1.039177
2026-01-21,,633.460703,427.778858,96.114373,1.637857,0.549293,1.055579
2026-01-22,,608.4589060000001,405.194614,95.062066,1.641694,0.574167,1.063746
2026-01-23,,572.818961,377.800801,93.098375,1.592714,0.587199,0.951914
2026-01-24,,557.758717,360.917852,92.291516,1.54755,0.605583,1.024662
2026-01-25,,447.628828,364.953638,93.53882,1.521608,0.539721,0.832576
2026-01-26,,612.217422,338.26698500000003,96.24764,1.452009,0.552605,0.933976
2026-01-27,,644.1718089999999,300.877538,96.25704,1.454134,0.65563,0.929992
2026-01-28,,788.7003670000001,302.88735699999995,95.741109,1.289679,0.678849,0.922858
2026-01-29,,740.775216,195.183957,95.246494,1.489835,0.652425,0.981675
2026-01-30,,650.0971470000001,151.09447300000002,96.161349,1.482613,0.682085,1.03238
2026-01-31,,628.290341,167.852768,91.938743,1.444284,0.682238,0.850367
2026-02-01,,694.088867,146.16674300000005,96.199826,1.381045,0.55685,0.821587
2026-02-02,,855.132607,177.53352799999996,16.104831,0.322759,0.55456,1.006297
2026-02-03,,913.648477,129.025076,1.993218,0.240061,0.621923,1.031412
2026-02-04,,904.397904,162.22997700000002,1.983383,0.227528,0.648766,0.993435
2026-02-05,,848.067115,145.757402,1.999375,0.216322,0.676314,1.020769
2026-02-06,,803.1352,169.58180999999996,2.049368,0.213417,0.659721,1.042478
2026-02-07,,706.0552090000001,151.267147,1.45036,0.228463,0.648741,1.016314
2026-02-08,,733.583264,156.24478000000002,1.934989,0.210067,0.579366,0.885613
2026-02-09,,833.9755019999999,165.01673499999998,2.545918,0.866837,0.59657,1.021777
2026-02-10,,754.847887,187.813434,2.140663,1.040718,0.604307,0.987743
2026-02-11,,613.563317,228.519589,45.130068,1.035795,0.655599,0.983853
2026-02-12,,605.142488,281.876209,58.290148,1.03952,0.643752,0.885957
2026-02-13,,615.89,227.34000000000003,58.1,1.06,0.625013,1.028147
2026-02-14,,521.671479,268.635865,57.993457,0.875083,0.646834,0.808008
2026-02-15,,551.0978789999999,257.817365,57.683341,0.847587,0.557092,0.685536
2026-02-16,,670.422807,271.442519,57.963414,0.828806,0.601617,0.895207
2026-02-17,,644.318951,256.982791,57.957829,0.837203,0.639742,0.960882
2026-02-18,,671.358259,235.788074,57.887077,0.808473,0.641252,0.949203
2026-02-19,,670.7903540000001,263.258405,58.223991,0.798443,0.662994,0.887916
2026-02-20,,686.54,315.206332,58.220246,0.775513,0.652248,0.957017
2026-02-21,,551.722797,305.107732,57.564961,0.783093,0.666647,0.726385
2026-02-22,,501.835574,317.950271,58.019488,0.77283,0.489506,0.562611
2026-02-23,,624.645433,280.070838,57.915941,0.792091,0.637187,0.902657
2026-02-24,,676.6939329999999,256.516896,23.933382,0.833138,0.66554,1.050778
2026-02-25,,677.5492649999999,304.520799,2.00907,0.785791,0.696605,1.002918
2026-02-26,,633.1200000000001,312.309664,2.004196,0.789283,0.667071,1.08933
2026-02-27,,641.717304,260.177832,2.016823,0.778433,0.689543,1.020335
2026-02-28,,546.83781,274.30928200000005,2.024377,0.769383,0.665723,0.946137
2026-03-01,,600.4727460000001,209.24154600000003,2.010655,0.772881,0.605859,0.849245
2026-03-02,,698.711491,203.983546,2.033047,0.773924,0.644183,1.036814
2026-03-03,,688.035084,258.625599,2.03109,0.773664,0.660369,1.109387
2026-03-04,,720.4368780000001,256.499516,2.021372,0.756192,0.617299,1.067311
2026-03-05,,720.897887,278.416244,2.016002,0.741516,0.693769,1.079913
2026-03-06,,696.721208,284.512823,1.866852,0.737729,0.731936,1.034315
2026-03-07,,599.0921259999999,279.030876,2.050011,0.742127,0.697434,0.997748
2026-03-08,,662.4269939999999,289.116284,2.048456,0.733477,0.610833,0.852063
2026-03-09,,855.701572,322.616436,2.017376,0.845657,0.596024,1.033342
2026-03-10,,822.7898549999999,320.27079,2.021128,0.839852,0.638829,1.035224
2026-03-11,,846.327557,256.87311600000004,2.014203,0.842226,0.694927,0.962208
2026-03-12,,757.213151,244.167991,2.013701,1.070844,0.678795,0.882575
2026-03-13,,602.919075,183.56198000000003,2.015646,1.096837,0.663332,0.948318
2026-03-14,,597.248687,176.439554,2.001159,1.097755,0.636848,0.913524
2026-03-15,,617.41396,213.769304,2.010992,1.066658,0.56416,0.742737
2026-03-16,,651.177109,224.147115,18.995764,1.055408,0.642936,0.76546
2026-03-17,,592.15,275.831068,18.80824,1.035003,0.605652,0.77225
2026-03-18,,555.555778,278.223748,19.92114,0.95227,0.60103,0.757374
2026-03-19,,521.950098,287.39602,11.916237,1.044346,0.631922,0.889304
2026-03-20,,545.145725,294.224284,2.064442,1.039603,0.661153,0.961096
2026-03-21,,500.698946,283.484343,0.0,1.000553,0.629765,0.919396
2026-03-22,,478.1406,290.708131,0.0,0.962633,0.596184,0.762398
2026-03-23,,590.4939390000001,317.98200799999995,0.0,0.901813,0.646612,1.026225
2026-03-24,,605.113307,298.026414,-12.18354,1.036079,0.61205,1.000817
2026-03-25,,685.270008,214.557153,-48.741462,1.087529,0.662801,1.086577
2026-03-26,,710.2096090000001,221.219552,-84.095056,1.034817,0.6549,1.071987
2026-03-27,,737.90946,217.936829,-95.982517,1.082758,0.667814,0.93703
2026-03-28,,677.0031470000001,161.74339799999998,-90.114481,1.03091,0.611324,0.934362
2026-03-29,,670.6518490000001,172.15605900000003,-95.034181,0.965945,0.574607,0.760298
2026-03-30,,738.866732,196.90744200000003,-89.578266,0.962394,0.578178,0.976176
2026-03-31,,736.7063489999999,146.022034,-102.598512,0.816787,0.627791,1.077929
2026-04-01,,739.0436719999999,199.857249,-127.575446,0.770347,0.626282,1.0042
2026-04-02,,668.1163779999999,164.48345199999997,-130.7,0.77,0.677141,0.957201
2026-04-03,,603.748449,239.06535,-139.50688599999998,0.775746,0.723202,0.702466
2026-04-04,,568.234429,186.507978,-140.736646,0.787993,0.687015,0.803788
2026-04-05,,563.0678800000001,244.467533,-144.354065,0.750164,0.624337,0.737693
2026-04-06,,518.1972,235.991331,-138.153382,0.847785,0.605909,0.775681
2026-04-07,,582.66014,283.75216800000004,-136.143018,0.83239,0.699868,1.105054
2026-04-08,,678.951392,310.915754,-136.14278,0.817914,0.718694,1.038304
2026-04-09,,682.149316,262.82634,-136.892259,0.798125,0.685593,0.939364
2026-04-10,,607.2851860000001,252.550718,-138.04503,1.157148,0.705057,1.068521
2026-04-11,,572.52,231.379112,-135.175459,1.15293,0.75011,0.859999
2026-04-12,,550.2106269999999,257.636076,-137.671885,1.180854,0.554128,0.79831
2026-04-13,,673.858636,294.542852,-131.595316,0.267108,0.56603,1.084773
2026-04-14,,666.670989,327.432607,-136.978398,0.236564,0.640806,1.252766
2026-04-15,,659.03,296.151792,-117.105968,0.213124,0.668486,1.163734
2026-04-16,,670.490426,285.109719,-111.265846,0.056688,0.631203,1.181693
2026-04-17,,552.91349,341.787375,-59.407682,0.171847,0.576495,1.182028
2026-04-18,,457.550838,253.352734,-35.689826,0.226393,0.527097,1.193614
2026-04-19,,389.1001710000001,280.350428,-10.785184,0.235951,0.56596,0.822842
2026-04-20,,461.5017820000001,303.30316200000004,-0.030542,0.042127,0.533475,1.121316
2026-04-21,,473.71,269.971802,0.0,0.233676,0.648272,1.211342
2026-04-22,,471.517934,253.556733,0.0,0.236481,0.632799,1.175418
2026-04-23,,490.229689,250.87982600000004,-0.088723,0.184978,0.679369,1.197428
2026-04-24,,465.153644,279.14255,-0.004832,0.209892,0.683972,1.187706
2026-04-25,,370.77513,267.6006,-0.075471,0.202111,0.630257,1.015561
2026-04-26,,369.6,273.562983,-0.02,0.198355,0.561126,0.950168
2026-04-27,,437.29854000000006,263.19413799999995,-0.05538,0.172749,0.624143,1.061228
2026-04-28,,482.292022,278.85941899999995,-32.058705,0.052848,0.661855,1.192049
2026-04-29,,553.263555,296.975551,-73.997631,0.247423,0.67663,1.050598
2026-04-30,,612.946024,349.65555800000004,-110.164799,0.055104,0.686852,1.136199
2026-05-01,,489.08,331.205936,-138.011237,0.767076,0.698145,0.827439
2026-05-02,,438.35561300000006,317.365587,-118.592751,1.38735,0.62924,0.927661
2026-05-03,,466.87,323.613137,-105.324568,1.524655,0.520315,0.946429
2026-05-04,,541.573033,343.28173300000003,-99.527577,1.599139,0.581027,1.134282
2026-05-05,,577.5535189999999,332.282311,-93.832074,1.592188,0.653065,1.078575
2026-05-06,,600.448523,321.212307,-28.799085,1.435405,0.672498,1.047081
2026-05-07,,605.478009,278.620682,-39.492709,1.352065,0.671414,1.159702
2026-05-08,,651.5999999999999,187.72000000000003,-39.41,1.315161,0.670609,1.037527
2026-05-09,,479.3943240000001,259.54154900000003,-39.984795,1.278109,0.661843,0.898645
2026-05-10,,423.766622,247.590866,-40.53395,1.244843,0.503449,0.794989
2026-05-11,,570.63,278.32,-40.301734,1.177806,0.567102,1.133598
2026-05-12,,560.48,288.21926,-39.356554,1.171912,0.60951,1.01039
2026-05-13,,560.38,290.142988,-39.08186,1.12485,0.624881,1.088448
2026-05-14,,507.729573,319.994522,-59.389918,1.146008,0.605007,1.024545
2026-05-15,,541.16,279.189652,-61.83,1.122551,0.680484,0.971903
2026-05-16,,513.6735359999999,332.19206,-90.563093,1.099773,0.719069,1.016447
2026-05-17,,496.213431,323.503355,-101.682786,1.097758,0.575953,0.775941
2026-05-18,,608.06,294.63705300000004,-116.633667,1.042281,0.637485,0.883091
2026-05-19,,651.2253440000001,265.06450199999995,-126.343972,1.021466,0.642431,0.918005
2026-05-20,,637.953502,243.810253,-100.73977,0.985939,0.622872,0.797613
2026-05-21,,567.752241,263.761747,-77.955199,0.99267,0.617408,0.731482
2026-05-22,,577.7893779999999,276.59692200000006,-71.145397,0.962563,0.6816,1.036005
2026-05-23,,523.9211240000001,217.758721,-84.6643,0.992111,0.743063,0.938294
2026-05-24,,502.97,184.324051,-98.452077,0.963869,0.69998,0.734499
2026-05-25,,474.316169,278.946473,-98.170098,0.93367,0.640106,0.801614
2026-05-26,,587.6533539999999,270.841976,-98.092732,0.937599,0.635443,0.947647
2026-05-27,,598.432792,313.402877,-80.088271,0.916958,0.631697,1.07461
2026-05-28,,591.893608,266.208122,-72.432233,0.910525,0.66485,1.101466
2026-05-29,,581.427485,288.62,-72.424519,0.900195,0.666039,1.160403
2026-05-30,,507.158833,244.818125,-72.596524,0.91389,0.672065,0.766094
2026-05-31,,443.933712,269.127513,-72.253148,0.881738,0.608803,0.68298
2026-06-01,,479.385016,337.66181,-72.263873,0.864093,0.639921,1.134196
2026-06-02,,416.418438,378.211144,-71.759955,0.867744,0.693383,1.207381
2026-06-03,,439.64627200000007,391.097206,-80.631567,0.829992,0.698675,1.235269
2026-06-04,,484.209439,356.425866,-90.538814,0.828646,0.710326,1.141311
2026-06-05,,468.741417,360.359694,-105.52215,0.799831,0.661693,1.081671
2026-06-06,,456.253828,358.20499500000005,-110.302942,0.813026,0.712661,0.810545
2026-06-07,,384.192558,345.54217,-114.57743,0.772682,0.621854,0.771039
2026-06-08,,452.580005,378.474405,-102.435728,0.788647,0.572185,0.987165
2026-06-09,,368.50813,364.1221,-96.236482,0.818861,0.573768,1.112632
2026-06-10,,399.50439,341.54276,-94.938448,0.772993,0.635585,0.998064
2026-06-11,,421.615744,365.731085,-57.945927,0.750063,0.629853,1.125543
2026-06-12,,340.261508,340.307206,-51.373832,0.7846,0.617889,1.075727
2026-06-13,,320.270576,345.759952,-54.141459,0.788477,0.612068,0.988068
2026-06-14,,294.97267800000003,374.119413,-54.197816,0.777591,0.55473,0.728884
2026-06-15,,443.9502000000001,380.1407,-14.373857,0.780049,0.549389,0.943385
2026-06-16,,474.6316890000001,414.902515,-2.617374,0.760131,0.598876,0.963015
2026-06-17,,495.959795,408.920578,-2.503777,0.74758,0.589615,1.032646
2026-06-18,,458.05,419.609566,-2.556311,0.744595,0.521846,1.041889
2026-06-19,,462.68000000000006,407.168283,-14.826998,0.73637,0.46958,1.166666
2026-06-20,,344.731906,375.701356,-18.788342,0.72685,0.513763,0.883487
2026-06-21,,259.210938,379.345475,-18.553107,0.716817,0.53183,0.903321
2026-06-22,,531.643095,414.3,-8.1,0.718521,0.554862,1.144095
2026-06-23,,561.67,380.408848,-2.496322,0.723731,0.477271,1.249094
2026-06-24,,478.2020820000001,380.037737,-2.516606,0.723465,0.47051,0.955578
2026-06-25,,530.0799969999999,386.207589,-2.572044,0.727286,0.544926,1.259512
2026-06-26,,471.42,398.713007,-0.065473,0.716525,0.563093,1.159257
2026-06-27,,412.28,391.723515,-0.029416,0.719561,0.48622,0.746681
2026-06-28,,324.323866,378.335293,0.0,0.70809,0.23425,0.841453
2026-06-29,,380.0799999999999,410.1178200000001,0.0,0.71436,0.120569,1.106354
2026-06-30,,468.52,388.12822100000005,0.0,0.710823,0.390645,1.191958
2026-07-01,,357.563714,362.396481,-0.035916,0.715347,0.550951,1.171506
2026-07-02,,310.973176,375.542629,38.590271,0.71262,0.510002,1.07608
2026-07-03,,291.42564400000003,410.19032,47.00041,0.693167,0.541024,1.192933
2026-07-04,,265.71232200000003,387.264816,25.482879,0.690697,0.503298,0.929425
2026-07-05,,242.24,381.488143,23.119219,0.711883,0.382641,0.867714
2026-07-06,,350.629145,407.43018100000006,23.11,0.693066,0.510158,1.036811
2026-07-07,,563.426381,383.576711,42.026347,0.699458,0.524674,0.920907
2026-07-08,,474.61,372.865889,45.327825,0.688711,0.60076,1.052679
2026-07-09,,577.87,409.00169,31.32,0.697347,0.592014,1.09131
2026-07-10,,446.75000000000006,408.05,29.87,0.7,0.53463,1.206374
2026-07-11,,333.903806,365.084823,23.163745,0.659442,0.551583,0.736276
2026-07-12,,313.085628,359.00097700000003,22.940983,0.670728,0.351083,0.978615
2026-07-13,,483.200406,414.796799,40.985391,0.679108,0.422059,1.066734
2026-07-14,,669.575153,431.296174,45.433271,0.697014,0.466702,1.099804
2026-07-15,,540.952806,419.518089,46.110844,0.697784,0.505628,1.061366
2026-07-16,,558.34679,437.271396,35.005837,0.682187,0.58444,0.986782
2026-07-17,,450.78,429.12,33.349999999999994,0.72,0.561317,0.964654
2026-07-18,,313.966203,384.889766,21.96154,0.728595,0.596613,0.690269
2026-07-19,,258.359108,414.791365,18.101372,0.728055,0.457775,0.824112
2026-07-20,,392.69,410.08136,8.993693,0.726736,0.512257,0.889976
2026-07-21,,575.92,395.381703,0.0,0.682357,0.573276,1.023632
2026-07-22,,647.4399999999999,369.923282,0.0,0.692794,0.579073,1.013643
2026-07-23,,669.921812,415.362701,-0.033518,0.65636,0.619666,1.027696
2026-07-24,,452.12,375.974137,-0.135007,0.697027,0.632898,1.167814
2026-07-25,,282.25265399999995,385.542259,0.0,0.684302,0.639213,0.86878
2026-07-26,,286.39,384.363565,0.0,0.694648,0.692457,2662.714932
2026-07-27,,396.821546,376.323786,0.0,0.688851,0.657876,1.045226
2026-07-28,,510.144953,403.213646,-0.000378,0.710955,0.689245,0.973802
2026-07-29,,570.746121,375.440746,0.0,0.697577,0.681531,0.934028
2026-07-30,,557.26,399.900325,0.0,0.70662,0.62854,0.990171
2026-07-31,,391.340838,410.179151,-12.147538,0.539574,0.646188,1.058587
2026-08-01,,457.934745,311.28903,-15.511112,0.000334,0.630726,0.896378
2026-08-02,,608.736932,280.623077,-17.077285,0.0,0.611403,0.797341
2026-08-03,,660.63,307.463009,-4.811169999999999,0.0,0.649796,1.129548
2026-08-04,,584.873104,339.711874,-1.461188,0.0,0.702212,0.983193
2026-08-05,,538.38,329.0656,-9.059999999999999,0.0,0.605356,0.905171
